{"keypoints_map": [[0.25468748807907104, 0.16041666269302368], [0.7281249761581421, 0.15416666865348816], [0.7250000238418579, 0.71875], [0.25312501192092896, 0.7229166626930237]], "keypoints_video": [[0.3648437559604645, 0.5180555582046509], [0.535937488079071, 0.44305557012557983], [0.737500011920929, 0.5152778029441833], [0.50390625, 0.6527777910232544]]}